{"cameraMode":{"drawMode":0,"name":"Shaded","section":"Shading Mode"},"sceneLighting":true,"audioPlay":false,"sceneViewState":{"showFog":true,"showMaterialUpdate":false,"showSkybox":false,"showFlares":true,"showImageEffects":true,"showParticleSystems":true},"in2DMode":false,"pivot":{"x":488.0,"y":268.7789306640625,"z":1.0226445198059083},"rotation":{"x":0.03252223879098892,"y":-0.0996847003698349,"z":-0.003255342599004507,"w":-0.9944906234741211},"size":563.174560546875,"orthographic":false}