{"cameraMode":{"drawMode":0,"name":"Shaded","section":"Shading Mode"},"sceneLighting":true,"audioPlay":false,"sceneViewState":{"showFog":true,"showMaterialUpdate":false,"showSkybox":true,"showFlares":true,"showImageEffects":true,"showParticleSystems":true},"in2DMode":false,"pivot":{"x":5.200396537780762,"y":5.80960750579834,"z":-42.01316833496094},"rotation":{"x":-0.0034711274784058334,"y":0.9863885641098023,"z":-0.1602066457271576,"w":-0.04763462767004967},"size":41.28622817993164,"orthographic":false}