{"cameraMode":{"drawMode":0,"name":"Shaded","section":"Shading Mode"},"sceneLighting":true,"audioPlay":false,"sceneViewState":{"showFog":true,"showMaterialUpdate":false,"showSkybox":true,"showFlares":true,"showImageEffects":true,"showParticleSystems":true},"in2DMode":false,"pivot":{"x":7.510808944702148,"y":10.982832908630371,"z":-2.8886842727661135},"rotation":{"x":0.0013054307783022524,"y":-0.9830917716026306,"z":-0.01623484678566456,"w":-0.18446598947048188},"size":9.928523063659668,"orthographic":false}