{"cameraMode":{"drawMode":0,"name":"Shaded","section":"Shading Mode"},"sceneLighting":true,"audioPlay":false,"sceneViewState":{"showFog":true,"showMaterialUpdate":false,"showSkybox":true,"showFlares":true,"showImageEffects":true,"showParticleSystems":true},"in2DMode":false,"pivot":{"x":-23.47254753112793,"y":2.772063732147217,"z":-77.76072692871094},"rotation":{"x":-0.12951365113258363,"y":-0.8677403330802918,"z":0.30014076828956606,"w":-0.374481201171875},"size":8.591484069824219,"orthographic":false}