{"cameraMode":{"drawMode":0,"name":"Shaded","section":"Shading Mode"},"sceneLighting":true,"audioPlay":false,"sceneViewState":{"showFog":true,"showMaterialUpdate":false,"showSkybox":false,"showFlares":true,"showImageEffects":true,"showParticleSystems":true},"in2DMode":false,"pivot":{"x":488.0,"y":268.7789306640625,"z":1.0226445198059083},"rotation":{"x":-0.06474686414003372,"y":-0.02335125207901001,"z":0.001516458811238408,"w":-0.9976338148117065},"size":563.174560546875,"orthographic":false}