{"cameraMode":{"drawMode":0,"name":"Shaded","section":"Shading Mode"},"sceneLighting":true,"audioPlay":false,"sceneViewState":{"showFog":true,"showMaterialUpdate":false,"showSkybox":true,"showFlares":true,"showImageEffects":true,"showParticleSystems":true},"in2DMode":false,"pivot":{"x":-1.9041063785552979,"y":16.742252349853517,"z":-52.58905029296875},"rotation":{"x":0.049048203974962237,"y":0.8380109667778015,"z":-0.5405310988426209,"w":0.06602223962545395},"size":37.54532241821289,"orthographic":false}