{"cameraMode":{"drawMode":0,"name":"Shaded","section":"Shading Mode"},"sceneLighting":true,"audioPlay":false,"sceneViewState":{"showFog":true,"showMaterialUpdate":false,"showSkybox":true,"showFlares":true,"showImageEffects":true,"showParticleSystems":true},"in2DMode":false,"pivot":{"x":-7.001749038696289,"y":3.009730339050293,"z":-47.25901794433594},"rotation":{"x":0.0037437223363667728,"y":-0.9003894925117493,"z":0.4352853298187256,"w":0.008920266292989254},"size":23.924060821533204,"orthographic":false}